CompanyName,Ticker
Brambles Limited,BMBLF
Apple Inc.,AAPL
Microsoft Corporation,MSFT
"Amazon.com, Inc.",AMZN
Alphabet Inc.,GOOGL
"Facebook, Inc.",FB
Tencent Holdings Limited,TCTZF
"Tesla, Inc.",TSLA
Alibaba Group Holding Limited,BABAF
Berkshire Hathaway Inc.,BRK-B
JPMorgan Chase & Co.,JPM
Visa Inc.,V
Johnson & Johnson,JNJ
Industrial and Commercial Bank of China Limited,IDCBF
Mastercard Incorporated,MA
Walmart Inc.,WMT
Bank of America Corporation,BAC
The Walt Disney Company,DIS
"LVMH Moët Hennessy - Louis Vuitton, Société Européenne",LVMHF
UnitedHealth Group Incorporated,UNH
NVIDIA Corporation,NVDA
The Procter & Gamble Company,PG
Nestlé S.A.,NSRGF
"The Home Depot, Inc.",HD
Roche Holding AG,RHHVF
"PayPal Holdings, Inc.",PYPL
Comcast Corporation,CMCSA
Intel Corporation,INTC
Exxon Mobil Corporation,XOM
"Ping An Insurance (Group) Company of China, Ltd.",PIAIF
"Netflix, Inc.",NFLX
Verizon Communications Inc.,VZ
"NIKE, Inc.",NKE
ASML Holding N.V.,ASMLF
Unilever PLC,UNLYF
The Coca-Cola Company,KO
China Construction Bank Corporation,CICHF
L'Oréal S.A.,LRLCF
Adobe Inc.,ADBE
AT&T Inc.,T
Toyota Motor Corporation,TOYOF
"Cisco Systems, Inc.",CSCO
Abbott Laboratories,ABT
Chevron Corporation,CVX
"China Merchants Bank Co., Ltd.",CIHHF
Pfizer Inc.,PFE
Oracle Corporation,ORCL
Novartis AG,NVSEF
"salesforce.com, inc.",CRM
"Merck & Co., Inc.",MRK
Broadcom Inc.,AVGO
Agricultural Bank of China Limited,ACGBF
Wells Fargo & Company,WFC
AbbVie Inc.,ABBV
"PepsiCo, Inc.",PEP
Citigroup Inc.,C
Eli Lilly and Company,LLY
Thermo Fisher Scientific Inc.,TMO
BHP Group,BHPLF
Accenture plc,ACN
Novo Nordisk A/S,NONOF
McDonald's Corporation,MCD
SoftBank Group Corp.,SFTBF
Texas Instruments Incorporated,TXN
Royal Dutch Shell plc,RYDAF
Medtronic plc,MDT
Royal Dutch Shell plc,RYDBF
"T-Mobile US, Inc.",TMUS
AIA Group Limited,AAIGF
Danaher Corporation,DHR
QUALCOMM Incorporated,QCOM
Bank of China Limited,BACHF
Honeywell International Inc.,HON
The Boeing Company,BA
Volkswagen AG,VLKPF
SAP SE,SAPGF
Costco Wholesale Corporation,COST
Morgan Stanley,MS
"NextEra Energy, Inc.",NEE
Rio Tinto Group,RTNTF
Union Pacific Corporation,UNP
Amgen Inc.,AMGN
PetroChina Company Limited,PCCYF
Bristol-Myers Squibb Company,BMY
"United Parcel Service, Inc.",UPS
Philip Morris International Inc.,PM
"JD.com, Inc.",JDCMF
Royal Bank of Canada,RY
AstraZeneca PLC,AZNCF
Starbucks Corporation,SBUX
Sony Corporation,SNEJF
"The Goldman Sachs Group, Inc.",GS
Siemens Aktiengesellschaft,SMAWF
"Lowe's Companies, Inc.",LOW
China Life Insurance Company Limited,CILJF
Anheuser-Busch InBev SA/NV,BUDFF
Sanofi,SNYNF
Caterpillar Inc.,CAT
TOTAL SE,TTFNF
"Charter Communications, Inc.",CHTR
The Charles Schwab Corporation,SCHW
Hermès International Société en commandite par actions,HESAF
The Toronto-Dominion Bank,TD
HSBC Holdings plc,HBCYF
Deere & Company,DE
Commonwealth Bank of Australia,CBAUF
General Electric Company,GE
"NTT DOCOMO, INC.",DCMYY
American Express Company,AXP
International Business Machines Corporation,IBM
Keyence Corporation,KYCCF
"BlackRock, Inc.",BLK
"Industria de Diseño Textil, S.A.",IDEXF
3M Company,MMM
"Applied Materials, Inc.",AMAT
"Square, Inc.",SQ
Intuit Inc.,INTU
Allianz SE,ALIZF
The Estée Lauder Companies Inc.,EL
"Micron Technology, Inc.",MU
Rio Tinto Group,RTPPF
Enel SpA,ESOCF
American Tower Corporation (REIT),AMT
Booking Holdings Inc.,BKNG
Lockheed Martin Corporation,LMT
Naspers Limited,NAPRF
Diageo plc,DGEAF
Nippon Telegraph and Telephone Corporation,NPPXF
CVS Health Corporation,CVS
"ServiceNow, Inc.",NOW
Airbus SE,EADSF
Deutsche Telekom AG,DTEGF
"Fast Retailing Co., Ltd.",FRCOF
"Altria Group, Inc.",MO
"Fidelity National Information Services, Inc.",FIS
Daimler AG,DDAIF
"Baidu, Inc.",BIDU
Target Corporation,TGT
Stryker Corporation,SYK
CSL Limited,CMXHF
Kering SA,PPRUF
BP p.l.c.,BPAQF
GlaxoSmithKline plc,GLAXF
British American Tobacco p.l.c.,BTAFF
"Anthem, Inc.",ANTM
"Intuitive Surgical, Inc.",ISRG
Schneider Electric S.E.,SBGSF
Cigna Corporation,CI
S&P Global Inc.,SPGI
Canadian National Railway Company,CNI
"Fiserv, Inc.",FISV
General Motors Company,GM
"Mondelez International, Inc.",MDLZ
U.S. Bancorp,USB
"Automatic Data Processing, Inc.",ADP
"The TJX Companies, Inc.",TJX
"Gilead Sciences, Inc.",GILD
"Recruit Holdings Co., Ltd.",RCRRF
BYD Company Limited,BYDDF
China Petroleum & Chemical Corporation,SNPMF
The Bank of Nova Scotia,BNS
"Iberdrola, S.A.",IBDSF
BNP Paribas SA,BNPQF
Lam Research Corporation,LRCX
Chubb Limited,CB
"NetEase, Inc.",NETTF
BASF SE,BFFAF
L'Air Liquide S.A.,AIQUF
ConocoPhillips,COP
"Prologis, Inc.",PLD
"The PNC Financial Services Group, Inc.",PNC
EssilorLuxottica Société anonyme,ESLOF
CME Group Inc.,CME
Zoetis Inc.,ZTS
Hong Kong Exchanges and Clearing Limited,HKXCF
KDDI Corporation,KDDIF
Enbridge Inc.,ENB
"Chugai Pharmaceutical Co., Ltd.",CHGCF
Nidec Corporation,NNDNF
MERCK Kommanditgesellschaft auf Aktien,MKGAF
"Activision Blizzard, Inc.",ATVI
"Mitsubishi UFJ Financial Group, Inc.",MBFJF
Crown Castle International Corp. (REIT),CCI
"Becton, Dickinson and Company",BDX
CSX Corporation,CSX
Illinois Tool Works Inc.,ITW
FedEx Corporation,FDX
"Shin-Etsu Chemical Co., Ltd.",SHECF
"Nintendo Co., Ltd.",NTDOF
Atlas Copco AB,ATLKF
Duke Energy Corporation,DUK
Dell Technologies Inc.,DELL
Deutsche Post AG,DPSTF
Westpac Banking Corporation,WEBNF
Brookfield Asset Management Inc.,BAM
Ørsted A/S,DOGEF
adidas AG,ADDDF
Bayerische Motoren Werke Aktiengesellschaft,BAMXF
Equinor ASA,STOHF
Australia and New Zealand Banking Group Limited,ANEWF
Colgate-Palmolive Company,CL
The Sherwin-Williams Company,SHW
Norfolk Southern Corporation,NSC
The Southern Company,SO
Global Payments Inc.,GPN
"Intercontinental Exchange, Inc.",ICE
AXA SA,AXAHF
Safran SA,SAFRF
Zurich Insurance Group AG,ZFSVF
"HCA Healthcare, Inc.",HCA
Reckitt Benckiser Group plc,RBGPF
"VMware, Inc.",VMW
Heineken N.V.,HINKF
ABB Ltd,ABLZF
Bayer Aktiengesellschaft,BAYZF
Takeda Pharmaceutical Company Limited,TKPHF
Investor AB (publ),IVSBF
VINCI SA,VCISF
"Workday, Inc.",WDAY
"Air Products and Chemicals, Inc.",APD
"Marsh & McLennan Companies, Inc.",MMC
Ecolab Inc.,ECL
"Dominion Energy, Inc.",D
"Illumina, Inc.",ILMN
"Daikin Industries,Ltd.",DKILF
Tokyo Electron Limited,TOELF
"Autodesk, Inc.",ADSK
"Banco Santander, S.A.",BCDRF
PT Bank Central Asia Tbk,PBCRF
"Equinix, Inc. (REIT)",EQIX
Capital One Financial Corporation,COF
UBS Group AG,UBS
"Daiichi Sankyo Company, Limited",DSKYF
"China Vanke Co., Ltd.",CHVKF
Anglo American plc,AAUKF
NXP Semiconductors N.V.,NXPI
National Australia Bank Limited,NAUBF
"Sumitomo Mitsui Financial Group, Inc.",SMFNF
Bank of Montreal,BMO
Southern Copper Corporation,SCCO
"Wal-Mart de México, S.A.B. de C.V.",WMMVF
Dassault Systèmes SE,DASTF
Vertex Pharmaceuticals Incorporated,VRTX
"Analog Devices, Inc.",ADI
AB Volvo (publ),VOLVF
Prudential plc,PUKPF
Boston Scientific Corporation,BSX
Moody's Corporation,MCO
Compagnie Financière Richemont SA,CFRHF
"Murata Manufacturing Co., Ltd.",MRAAF
Eaton Corporation plc,ETN
"Twitter, Inc.",TWTR
Jardine Matheson Holdings Limited,JARLF
ViacomCBS Inc.,VIACA
Emerson Electric Co.,EMR
China Shenhua Energy Company Limited,CUAEF
The Progressive Corporation,PGR
DBS Group Holdings Ltd,DBSDF
"MetLife, Inc.",MET
Infineon Technologies AG,IFNNF
Glencore plc,GLCNF
"Regeneron Pharmaceuticals, Inc.",REGN
Humana Inc.,HUM
"Oriental Land Co., Ltd.",OLCLF
Northrop Grumman Corporation,NOC
The Blackstone Group Inc.,BX
Koninklijke Philips N.V.,RYLPF
"Honda Motor Co., Ltd.",HNDAF
Vodafone Group Plc,VODPF
"Waste Management, Inc.",WM
Jardine Strategic Holdings Limited,JDSHF
General Dynamics Corporation,GD
Pernod Ricard SA,PDRDF
Edwards Lifesciences Corporation,EW
Freeport-McMoRan Inc.,FCX
Newmont Corporation,NEM
Canadian Pacific Railway Limited,CP
Las Vegas Sands Corp.,LVS
Fortescue Metals Group Limited,FSUMF
Ford Motor Company,F
"Marriott International, Inc.",MAR
Neste Oyj,NTOIF
"América Móvil, S.A.B. de C.V.",AMXVF
H & M Hennes & Mauritz AB (publ),HMRZF
"Hitachi, Ltd.",HTHIF
ITOCHU Corporation,ITOCF
Intesa Sanpaolo S.p.A.,IITSF
ING Groep N.V.,INGVF
The Kraft Heinz Company,KHC
Danone S.A.,GPDNF
Dollar General Corporation,DG
Monster Beverage Corporation,MNST
London Stock Exchange Group plc,LDNXF
RELX PLC,RLXXF
"M3, Inc.",MTHRF
KLA Corporation,KLAC
Sika AG,SKFOF
"Walgreens Boots Alliance, Inc.",WBA
Telefonaktiebolaget LM Ericsson (publ),ERIXF
Barclays PLC,BCLYF
Fanuc Corporation,FANUF
Kimberly-Clark Corporation,KMB
"Constellation Brands, Inc.",STZ
Lonza Group Ltd,LZAGF
Canadian Imperial Bank of Commerce,CM
Sun Hung Kai Properties Limited,SUHJF
Anhui Conch Cement Company Limited,AHCHF
DSV Panalpina A/S,DSDVF
TE Connectivity Ltd.,TEL
Münchener Rückversicherungs-Gesellschaft Aktiengesellschaft in München,MURGF
"Ross Stores, Inc.",ROST
Lloyds Banking Group plc,LLDTF
TC Energy Corporation,TRP
Zijin Mining Group Company Limited,ZIJMF
Thomson Reuters Corporation,TRI
Eni S.p.A.,EIPAF
Johnson Controls International plc,JCI
A.P. Møller - Mærsk A/S,AMKBF
"IDEXX Laboratories, Inc.",IDXX
KONE Oyj,KNYJF
HOYA Corporation,HOCPF
Mitsubishi Corporation,MSBHF
Public Storage,PSA
Henkel AG & Co. KGaA,HENOF
Galaxy Entertainment Group Limited,GXYEF
Exelon Corporation,EXC
National Grid plc,NGGTF
Crédit Agricole S.A.,CRARF
Manulife Financial Corporation,MFC
"DuPont de Nemours, Inc.",DD
"Roper Technologies, Inc.",ROP
"American Electric Power Company, Inc.",AEP
Sysco Corporation,SYY
Cognizant Technology Solutions Corporation,CTSH
"Chipotle Mexican Grill, Inc.",CMG
The Bank of New York Mellon Corporation,BK
"EOG Resources, Inc.",EOG
TAL Education Group,TAL
Great Wall Motor Company Limited,GWLLF
"American International Group, Inc.",AIG
Flutter Entertainment plc,PDYPF
Sands China Ltd.,SCHYF
BCE Inc.,BCE
Lululemon Athletica Inc.,LULU
Parker-Hannifin Corporation,PH
Microchip Technology Incorporated,MCHP
Baxter International Inc.,BAX
Aptiv PLC,APTV
ANTA Sports Products Limited,ANPDF
Biogen Inc.,BIIB
"Grupo México, S.A.B. de C.V.",GMBXF
"The Travelers Companies, Inc.",TRV
Cummins Inc.,CMI
Trane Technologies plc,TT
HP Inc.,HPQ
"T. Rowe Price Group, Inc.",TROW
eBay Inc.,EBAY
SMC Corporation,SMECF
Schlumberger Limited,SLB
MTR Corporation Limited,MTRJF
CRH plc,CRHCF
Compass Group PLC,CMPGF
"Mizuho Financial Group, Inc.",MZHOF
"Simon Property Group, Inc.",SPG
Woolworths Group Limited,WOLWF
IHS Markit Ltd.,INFO
"Digital Realty Trust, Inc.",DLR
Macquarie Group Limited,MCQEF
Electronic Arts Inc.,EA
Sempra Energy,SRE
"Agilent Technologies, Inc.",A
Liberty Broadband Corporation,LBRDK
Oversea-Chinese Banking Corporation Limited,OVCHF
Vonovia SE,VNNVF
Ferrari N.V.,RACE
"Banco Bilbao Vizcaya Argentaria, S.A.",BBVXF
Givaudan SA,GVDBF
PT Bank Rakyat Indonesia (Persero) Tbk,BKRKF
Barrick Gold Corporation,GOLD
Alimentation Couche-Tard Inc.,ANCUF
Sartorius Stedim Biotech S.A.,SDMHF
Phillips 66,PSX
"Prudential Financial, Inc.",PRU
Centene Corporation,CNC
Canadian Natural Resources Limited,CNQ
"Mitsui & Co., Ltd.",MITSF
Anglo American Platinum Limited,AGPPF
"General Mills, Inc.",GIS
Cintas Corporation,CTAS
Vivendi SE,VIVEF
IQVIA Holdings Inc.,IQV
"Kinder Morgan, Inc.",KMI
"Seven & i Holdings Co., Ltd.",SVNDF
Southwest Airlines Co.,LUV
LyondellBasell Industries N.V.,LYB
Marathon Petroleum Corporation,MPC
ENGIE SA,ENGQF
"Synopsys, Inc.",SNPS
"Cadence Design Systems, Inc.",CDNS
Aflac Incorporated,AFL
Pioneer Natural Resources Company,PXD
LafargeHolcim Ltd,HCMLF
"Paychex, Inc.",PAYX
"Tokio Marine Holdings, Inc.",TKOMF
The Allstate Corporation,ALL
Vestas Wind Systems A/S,VWSYF
Kuehne + Nagel International AG,KHNGF
Santos Limited,STOSF
Suncor Energy Inc.,SU
Hilton Worldwide Holdings Inc.,HLT
Sandvik AB,SDVKF
DNB ASA,DNBHF
"PPG Industries, Inc.",PPG
"O'Reilly Automotive, Inc.",ORLY
Japan Tobacco Inc.,JAPAF
International Flavors & Fragrances Inc.,IFF
Xcel Energy Inc.,XEL
MSCI Inc.,MSCI
Brown-Forman Corporation,BF-B
Orange S.A.,FNCTF
"DexCom, Inc.",DXCM
"Alexion Pharmaceuticals, Inc.",ALXN
STMicroelectronics N.V.,STMEF
TransDigm Group Incorporated,TDG
"Yum! Brands, Inc.",YUM
"Zimmer Biomet Holdings, Inc.",ZBH
Techtronic Industries Company Limited,TTNDF
PACCAR Inc,PCAR
"Amadeus IT Group, S.A.",AMADF
"Palo Alto Networks, Inc.",PANW
Nutrien Ltd.,NTR
China Overseas Land & Investment Limited,CAOVF
"CoStar Group, Inc.",CSGP
Partners Group Holding AG,PGPHF
Hexagon AB (publ),HXGBF
The Hershey Company,HSY
NTT DATA Corporation,NTTDF
Schindler Holding AG,SHLAF
3i Group plc,TGOPF
"Discovery, Inc.",DISCA
Electricité de France S.A.,ECIFF
Archer-Daniels-Midland Company,ADM
"Zillow Group, Inc.",Z
Deutsche Börse AG,DBOEF
Experian plc,EXPGF
Valero Energy Corporation,VLO
"Delta Air Lines, Inc.",DAL
Corning Incorporated,GLW
Marvell Technology Group Ltd.,MRVL
NatWest Group plc,RBSPF
Carnival Corporation & plc,CCL
Astellas Pharma Inc.,ALPMF
Credit Suisse Group AG,CSGKF
"Xilinx, Inc.",XLNX
Porsche Automobil Holding SE,POAHF
CK Hutchison Holdings Limited,CKHUF
"Motorola Solutions, Inc.",MSI
Geely Automobile Holdings Limited,GELYF
Coloplast A/S,CLPBF
Compagnie de Saint-Gobain S.A.,CODGF
"Stanley Black & Decker, Inc.",SWK
ASSA ABLOY AB (publ),ASAZF
Kao Corporation,KAOCF
"Republic Services, Inc.",RSG
Welltower Inc.,WELL
"Fortinet, Inc.",FTNT
KBC Group NV,KBCSF
FirstRand Limited,FANDF
"D.R. Horton, Inc.",DHI
"Rockwell Automation, Inc.",ROK
Discover Financial Services,DFS
V.F. Corporation,VFC
Sun Life Financial Inc.,SLF
Komatsu Ltd.,KMTUF
Public Service Enterprise Group Incorporated,PEG
SBA Communications Corporation,SBAC
McKesson Corporation,MCK
"AutoZone, Inc.",AZO
Fujitsu Limited,FJTSF
State Street Corporation,STT
"Skyworks Solutions, Inc.",SWKS
The Hong Kong and China Gas Company Limited,HOKCF
Constellation Software Inc.,CNSWF
Toyota Industries Corporation,TYIDF
Bridgestone Corporation,BRDCF
First Republic Bank,FRC
Carnival Corporation & plc,CUKPF
Koninklijke DSM N.V.,KDSKF
China Resources Land Limited,CRBJF
Panasonic Corporation,PCRFF
Vipshop Holdings Limited,VIPS
Koninklijke Ahold Delhaize N.V.,AHODF
"Best Buy Co., Inc.",BBY
"NEXON Co., Ltd.",NEXOF
Willis Towers Watson Public Limited Company,WLTW
Terumo Corporation,TRUMF
Eversource Energy,ES
Singapore Telecommunications Limited,SNGNF
ArcelorMittal,AMSYF
"The Williams Companies, Inc.",WMB
Telstra Corporation Limited,TTRAF
Continental Aktiengesellschaft,CTTAF
Public Bank Berhad,PBLOF
"Verisk Analytics, Inc.",VRSK
Capgemini SE,CAPMF
"WEC Energy Group, Inc.",WEC
Swiss Re AG,SSREF
Kubota Corporation,KUBTF
"Endesa, S.A.",ELEZF
"Tyson Foods, Inc.",TSN
"ANSYS, Inc.",ANSS
SVB Financial Group,SIVB
"AMETEK, Inc.",AME
ResMed Inc.,RMD
Transurban Group,TRAUF
Skandinaviska Enskilda Banken AB (publ),SVKEF
Ball Corporation,BLL
Fastenal Company,FAST
E.ON SE,ENAKF
Equity Residential,EQR
Fifth Third Bancorp,FITB
Lennar Corporation,LEN
Magna International Inc.,MGA
"Fomento Económico Mexicano, S.A.B. de C.V.",FMXUF
Heineken Holding N.V.,HKHHF
"Waste Connections, Inc.",WCN
Country Garden Holdings Company Limited,CTRYF
TELUS Corporation,TU
Swisscom AG,SWZCF
The Kroger Co.,KR
Z Holdings Corporation,YAHOF
APA Group,APAJF
Seagen Inc.,SGEN
Compagnie Générale des Établissements Michelin Société en commandite par actions,MGDDF
Zalando SE,ZLDSF
Rogers Communications Inc.,RCI
Weyerhaeuser Company,WY
Ashtead Group plc,ASHTF
"AvalonBay Communities, Inc.",AVB
"Telefónica, S.A.",TEFOF
Occidental Petroleum Corporation,OXY
"Weichai Power Co., Ltd.",WEICF
"CBRE Group, Inc.",CBRE
Hormel Foods Corporation,HRL
Trip.com Group Limited,TCOM
"Aeon Co., Ltd.",AONNF
CITIC Limited,CTPCF
Kyocera Corporation,KYOCF
Sirius XM Holdings Inc.,SIRI
"Ameriprise Financial, Inc.",AMP
Scottish Mortgage Investment Trust PLC,STMZF
"Copart, Inc.",CPRT
Goodman Group,GMGSF
UniCredit S.p.A.,UNCFF
Deutsche Bank Aktiengesellschaft,DB
"Aena S.M.E., S.A.",ANNSF
"Expedia Group, Inc.",EXPE
"American Water Works Company, Inc.",AWK
Mettler-Toledo International Inc.,MTD
"Dollar Tree, Inc.",DLTR
"Keysight Technologies, Inc.",KEYS
DTE Energy Company,DTE
Wilmar International Limited,WLMIF
Telenor ASA,TELNF
China Evergrande Group,EGRNF
Arthur J. Gallagher & Co.,AJG
Legrand SA,LGRVF
Unicharm Corporation,UNCHF
Great-West Lifeco Inc.,GWLIF
Synchrony Financial,SYF
SM Investments Corporation,SVTMF
Sampo Oyj,SAXPF
"Consolidated Edison, Inc.",ED
Nokia Corporation,NOKBF
"Naturgy Energy Group, S.A.",GASNF
"Otsuka Holdings Co., Ltd.",OTSKF
VERBUND AG,OEZVF
Tesco PLC,TSCDF
Yandex N.V.,YNDX
"Maxim Integrated Products, Inc.",MXIM
Garmin Ltd.,GRMN
National Bank of Canada,NTIOF
The Clorox Company,CLX
Realty Income Corporation,O
"Mitsui Fudosan Co., Ltd.",MTSFF
"FLEETCOR Technologies, Inc.",FLT
Standard Chartered PLC,SCBFF
Carlsberg A/S,CABJF
"Nasdaq, Inc.",NDAQ
Fresenius SE & Co. KGaA,FSNUF
Franco-Nevada Corporation,FNV
Canon Inc.,CAJFF
PG&E Corporation,PCG
Beiersdorf Aktiengesellschaft,BDRFF
Laboratory Corporation of America Holdings,LH
Antofagasta plc,ANFGF
"McCormick & Company, Incorporated",MKC
AmerisourceBergen Corporation,ABC
Malayan Banking Berhad,MLYNF
China Railway Group Limited,CRWOF
"Alexandria Real Estate Equities, Inc.",ARE
"Mitsubishi Estate Co., Ltd.",MITEF
BAE Systems plc,BAESF
Svenska Handelsbanken AB (publ),SVNLF
Genmab A/S,GNMSF
Edison International,EIX
CDW Corporation,CDW
Legal & General Group Plc,LGGNF
Scentre Group,STGPF
"Asahi Group Holdings, Ltd.",ASBRF
"United Rentals, Inc.",URI
Fortive Corporation,FTV
Geberit AG,GBERF
"COSCO SHIPPING Holdings Co., Ltd.",CICOF
Vulcan Materials Company,VMC
Cerner Corporation,CERN
"ONEOK, Inc.",OKE
Splunk Inc.,SPLK
Energy Transfer LP,ET
SGS SA,SGSOF
Kerry Group plc,KRYAF
"Nitori Holdings Co., Ltd.",NCLTF
PPL Corporation,PPL
Northern Trust Corporation,NTRS
CK Asset Holdings Limited,CHKGF
"Arista Networks, Inc.",ANET
Perusahaan Perseroan (Persero) PT Telekomunikasi Indonesia Tbk,TLKMF
EMS-CHEMIE HOLDING AG,EMSHF
Thales S.A.,THLEF
"SM Prime Holdings, Inc.",SPHXF
Suzuki Motor Corporation,SZKMF
Western Digital Corporation,WDC
Aviva plc,AIVAF
Shimano Inc.,SHMDF
"VeriSign, Inc.",VRSN
ORIX Corporation,ORXCF
"CarMax, Inc.",KMX
Fresenius Medical Care AG & Co. KGaA,FMCQF
Hess Corporation,HES
"Ventas, Inc.",VTR
"Nissan Motor Co., Ltd.",NSANF
BT Group plc,BTGOF
"Martin Marietta Materials, Inc.",MLM
Royal Caribbean Group,RCL
International Paper Company,IP
IAC/InterActiveCorp,IAC
Swedbank AB (publ),SWDBF
Sino Biopharmaceutical Limited,SBMFF
Nucor Corporation,NUE
Kellogg Company,K
Equifax Inc.,EFX
ZTE Corporation,ZTCOF
"Repsol, S.A.",REPYF
Société Générale Société anonyme,SCGLF
UPM-Kymmene Oyj,UPMKF
CNH Industrial N.V.,CNHI
"W.W. Grainger, Inc.",GWW
PT Bank Mandiri (Persero) Tbk,PPERF
Hewlett Packard Enterprise Company,HPE
"Church & Dwight Co., Inc.",CHD
"Qorvo, Inc.",QRVO
CGI Inc.,GIB
"The Hartford Financial Services Group, Inc.",HIG
Regions Financial Corporation,RF
Halliburton Company,HAL
Exor N.V.,EXXRF
Kansas City Southern,KSU
DISH Network Corporation,DISH
Entergy Corporation,ETR
Fortis Inc.,FTS
KeyCorp,KEY
SSE plc,SSEZF
"Ferrovial, S.A.",FRRVF
MGM Resorts International,MGM
Link Real Estate Investment Trust,LKREF
Restaurant Brands International Inc.,QSR
Dover Corporation,DOV
Tractor Supply Company,TSCO
M&T Bank Corporation,MTB
Amphenol Corporation,APH
Teleflex Incorporated,TFX
Ameren Corporation,AEE
Imperial Brands PLC,IMBBF
Ally Financial Inc.,ALLY
FirstEnergy Corp.,FE
Straumann Holding AG,SAUHF
"Teradyne, Inc.",TER
Renesas Electronics Corporation,RNECF
Loblaw Companies Limited,LBLCF
"Citizens Financial Group, Inc.",CFG
Trimble Inc.,TRMB
"Cheniere Energy, Inc.",LNG
"United Airlines Holdings, Inc.",UAL
NEC Corporation,NIPNF
"The Cooper Companies, Inc.",COO
China Southern Airlines Company Limited,CHKIF
Woodside Petroleum Ltd,WOPEF
"Hologic, Inc.",HOLX
TDK Corporation,TTDKF
"Essex Property Trust, Inc.",ESS
"EDP Renováveis, S.A.",EDRVF
Xylem Inc.,XYL
Air China Limited,AICAF
"Rakuten, Inc.",RKUNF
Sumitomo Corporation,SSUMF
"Darden Restaurants, Inc.",DRI
Alstom SA,AOMFF
"Conagra Brands, Inc.",CAG
UCB SA,UCBJF
The AES Corporation,AES
Seagate Technology plc,STX
Power Corporation of Canada,PWCDF
Imperial Oil Limited,IMO
The Liberty SiriusXM Group,LSXMK
"Ulta Beauty, Inc.",ULTA
Albemarle Corporation,ALB
"CaixaBank, S.A.",CIXPF
Wheaton Precious Metals Corp.,WPM
Telia Company AB (publ),TLSNF
Novozymes A/S,NVZMF
PT Unilever Indonesia Tbk,UNLRF
Intact Financial Corporation,IFCZF
ENN Energy Holdings Limited,XNGSF
Incyte Corporation,INCY
Extra Space Storage Inc.,EXR
Snam S.p.A.,SNMRF
"SS&C Technologies Holdings, Inc.",SSNC
HeidelbergCement AG,HLBZF
Eurofins Scientific SE,ERFSF
"Healthpeak Properties, Inc.",PEAK
Smith & Nephew plc,SNNUF
"Expeditors International of Washington, Inc.",EXPD
Cincinnati Financial Corporation,CINF
"Broadridge Financial Solutions, Inc.",BR
"Cardinal Health, Inc.",CAH
Swiss Life Holding AG,SWSDF
"NVR, Inc.",NVR
CMS Energy Corporation,CMS
Sonova Holding AG,SONVF
OMV Aktiengesellschaft,OMVJF
ON Semiconductor Corporation,ON
"Citrix Systems, Inc.",CTXS
Waters Corporation,WAT
Brookfield Property Partners L.P.,BPY
"Shionogi & Co., Ltd.",SGIOF
"Bio-Rad Laboratories, Inc.",BIO
"J.B. Hunt Transport Services, Inc.",JBHT
Quest Diagnostics Incorporated,DGX
Genuine Parts Company,GPC
Asahi Kasei Corporation,AHKSF
"Gartner, Inc.",IT
Aristocrat Leisure Limited,ARLUF
"L Brands, Inc.",LB
Symrise AG,SYIEF
Celanese Corporation,CE
"Raymond James Financial, Inc.",RJF
Omnicom Group Inc.,OMC
"Mid-America Apartment Communities, Inc.",MAA
Check Point Software Technologies Ltd.,CHKP
Natixis S.A.,NTXFF
"Boston Properties, Inc.",BXP
Pembina Pipeline Corporation,PBA
Groupe Bruxelles Lambert SA,GBLBF
Cenovus Energy Inc.,CVE
Jacobs Engineering Group Inc.,J
"Principal Financial Group, Inc.",PFG
"Varian Medical Systems, Inc.",VAR
Huntington Bancshares Incorporated,HBAN
"Rollins, Inc.",ROL
Evonik Industries AG,EVKIF
"Akamai Technologies, Inc.",AKAM
Subaru Corporation,FUJHF
WPP plc,WPPGF
Bouygues SA,BOUYF
Ayala Corporation,AYYLF
Markel Corporation,MKL
Deutsche Wohnen SE,DWHHF
"Wynn Resorts, Limited",WYNN
NN Group N.V.,NNGPF
Veolia Environnement S.A.,VEOEF
Devon Energy Corporation,DVN
Tsingtao Brewery Company Limited,TSGTF
PT Astra International Tbk,PTAIF
"NetApp, Inc.",NTAP
Toshiba Corporation,TOSBF
PTC Inc.,PTC
bioMérieux S.A.,BMXMF
News Corporation,NWSA
Gjensidige Forsikring ASA,GJNSF
The Swatch Group AG,SWGAF
"Lumen Technologies, Inc.",LUMN
Duke Realty Corporation,DRE
"Grupo Financiero Banorte, S.A.B. de C.V.",GBOOF
Arch Capital Group Ltd.,ACGL
Publicis Groupe S.A.,PGPEF
American Airlines Group Inc.,AAL
Liberty Global plc,LBTYA
Sodexo S.A.,SDXOF
"Franklin Resources, Inc.",BEN
SEGRO Plc,SEGXF
Avery Dennison Corporation,AVY
"International Consolidated Airlines Group, S.A.",BABWF
Eastman Chemical Company,EMN
Newcrest Mining Limited,NCMGF
"Shanghai Fosun Pharmaceutical (Group) Co., Ltd.",SFOSF
IDEX Corporation,IEX
Rolls-Royce Holdings plc,RYCEF
Campbell Soup Company,CPB
Marubeni Corporation,MARUF
Vodacom Group Limited,VODAF
"Grifols, S.A.",GIFLF
Westinghouse Air Brake Technologies Corporation,WAB
Masco Corporation,MAS
Agnico Eagle Mines Limited,AEM
First Quantum Minerals Ltd.,FQVLF
Carrefour SA,CRERF
"Domino's Pizza, Inc.",DPZ
Kinnevik AB,KNVKF
"Sekisui House, Ltd.",SKHSF
FMC Corporation,FMC
Koninklijke KPN N.V.,KKPNF
Shaw Communications Inc.,SJR
"PerkinElmer, Inc.",PKI
BioMarin Pharmaceutical Inc.,BMRN
WH Group Limited,WHGRF
Erste Group Bank AG,EBKOF
Aluminum Corporation of China Limited,ALMMF
DENTSPLY SIRONA Inc.,XRAY
Hydro One Limited,HRNNF
The J. M. Smucker Company,SJM
Loews Corporation,L
Bolloré SE,BOIVF
Yara International ASA,YRAIF
Julius Bär Gruppe AG,JBARF
"Leidos Holdings, Inc.",LDOS
Lenovo Group Limited,LNVGF
Renault SA,RNSDF
Suez SA,SZEVF
"Guangzhou Automobile Group Co., Ltd.",GNZUF
W. R. Berkley Corporation,WRB
AB SKF (publ),SKUFF
Sydney Airport Limited,SYDDF
"Sumitomo Mitsui Trust Holdings, Inc.",CMTDF
Mondi plc,MONDF
Whirlpool Corporation,WHR
Open Text Corporation,OTEX
Schroders plc,SHNWF
Thai Beverage Public Company Limited,TBVPF
"UDR, Inc.",UDR
LKQ Corporation,LKQ
"Hasbro, Inc.",HAS
Mowi ASA,MNHVF
Davide Campari-Milano N.V.,DVDCF
Persimmon Plc,PSMMF
"Brown & Brown, Inc.",BRO
"Crown Holdings, Inc.",CCK
Alliant Energy Corporation,LNT
Brenntag SE,BNTGF
Tenaga Nasional Berhad,TNABF
"Mohawk Industries, Inc.",MHK
"PulteGroup, Inc.",PHM
MTU Aero Engines AG,MTUAF
IHH Healthcare Berhad,IHHHF
"C.H. Robinson Worldwide, Inc.",CHRW
The Scotts Miracle-Gro Company,SMG
George Weston Limited,WNGRF
Saputo Inc.,SAPIF
Svenska Cellulosa Aktiebolaget SCA (publ),SVCBF
Packaging Corporation of America,PKG
"Sumitomo Electric Industries, Ltd.",SMTOF
"Host Hotels & Resorts, Inc.",HST
Signature Bank,SBNY
Croda International Plc,COIHF
Umicore SA,UMICF
Coca-Cola HBC AG,CCHBF
Singapore Airlines Limited,SINGF
Rentokil Initial plc,RKLIF
Norsk Hydro ASA,NHYKF
Bureau Veritas SA,BVRDF
"The Kansai Electric Power Company, Incorporated",KAEPF
The Mosaic Company,MOS
CNA Financial Corporation,CNA
Aeroports de Paris SA,AEOXF
Dollarama Inc.,DLMAF
CapitaLand Limited,CLLDF
NortonLifeLock Inc.,NLOK
Textron Inc.,TXT
"Fortune Brands Home & Security, Inc.",FBHS
"Japan Exchange Group, Inc.",OSCUF
"Tapestry, Inc.",TPR
Teva Pharmaceutical Industries Limited,TEVJF
W. P. Carey Inc.,WPC
"F5 Networks, Inc.",FFIV
"Advance Auto Parts, Inc.",AAP
InterContinental Hotels Group PLC,ICHGF
"CenterPoint Energy, Inc.",CNP
Swedish Match AB (publ),SWMAF
Barry Callebaut AG,BYCBF
Telecom Italia S.p.A.,TIAOF
"Fidelity National Financial, Inc.",FNF
"Quanta Services, Inc.",PWR
Ramsay Health Care Limited,RMSYF
"Annaly Capital Management, Inc.",NLY
Erie Indemnity Company,ERIE
Admiral Group plc,AMIGF
Fosun International Limited,FOSUF
Unibail-Rodamco-Westfield SE,UNBLF
Atmos Energy Corporation,ATO
Chr. Hansen Holding A/S,CRTSF
QBE Insurance Group Limited,QBEIF
Nordson Corporation,NDSN
Suntory Beverage & Food Limited,STBFF
KION GROUP AG,KNNGF
Smurfit Kappa Group Plc,SMFTF
Credicorp Ltd.,BAP
West Japan Railway Company,WJRYF
AMERCO,UHAL
BorgWarner Inc.,BWA
Lincoln National Corporation,LNC
FactSet Research Systems Inc.,FDS
Snap-on Incorporated,SNA
MTN Group Limited,MTNOF
Jiangxi Copper Company Limited,JIAXF
Bausch Health Companies Inc.,BHC
DaVita Inc.,DVA
Westlake Chemical Corporation,WLK
CIMB Group Holdings Berhad,CIMDF
Graco Inc.,GGG
Sonic Healthcare Limited,SKHCF
"Universal Health Services, Inc.",UHS
Lennox International Inc.,LII
Tingyi (Cayman Islands) Holding Corp.,TCYMF
"The Gap, Inc.",GPS
IPG Photonics Corporation,IPGP
"Jack Henry & Associates, Inc.",JKHY
Guangdong Investment Limited,GGDVF
Invesco Ltd.,IVZ
HKT Trust and HKT Limited,HKTTF
Teck Resources Limited,TECK
Fairfax Financial Holdings Limited,FRFHF
Powszechna Kasa Oszczednosci Bank Polski Spólka Akcyjna,PSZKF
"The Interpublic Group of Companies, Inc.",IPG
Brookfield Renewable Partners L.P.,BEP
RPM International Inc.,RPM
Lear Corporation,LEA
Hang Lung Properties Limited,HLPPF
Burberry Group plc,BBRYF
Recordati Industria Chimica e Farmaceutica S.p.A.,RCDTF
Allegion plc,ALLE
"Cboe Global Markets, Inc.",CBOE
Metro Inc.,MTRAF
The Toro Company,TTC
QIAGEN N.V.,QGEN
Newell Brands Inc.,NWL
Bunge Limited,BG
Mitsubishi Chemical Holdings Corporation,MTLHF
"Wynn Macau, Limited",WYNMF
Emera Incorporated,EMRAF
Camden Property Trust,CPT
Booz Allen Hamilton Holding Corporation,BAH
"East West Bancorp, Inc.",EWBC
Federal National Mortgage Association,FNMA
Pandora A/S,PNDZF
Accor SA,ACRFF
Skanska AB (publ),SKSBF
ASX Limited,ASXFF
"Essential Utilities, Inc.",WTRG
A. O. Smith Corporation,AOS
"Mitsubishi Heavy Industries, Ltd.",MHVYF
China Oilfield Services Limited,CHOLF
Polymetal International plc,POYYF
"Toray Industries, Inc.",TRYIF
Amdocs Limited,DOX
Molson Coors Beverage Company,TAP
China Coal Energy Company Limited,CCOZF
Globe Life Inc.,GL
Barratt Developments plc,BTDPF
Gecina SA,GECFF
China Eastern Airlines Corporation Limited,CHEAF
"CF Industries Holdings, Inc.",CF
"Galp Energia, SGPS, S.A.",GLPEF
Iron Mountain Incorporated,IRM
Bunzl plc,BZLFF
Aramark,ARMK
The Western Union Company,WU
"Coca-Cola FEMSA, S.A.B. de C.V.",COCSF
Lundin Energy AB (publ),LNDNF
"CEMEX, S.A.B. de C.V.",CXMSF
Hubbell Incorporated,HUBB
MAN SE,MAGOF
South32 Limited,SHTLF
Pentair plc,PNR
Melco Resorts & Entertainment Limited,MLCO
"American Financial Group, Inc.",AFG
"Everest Re Group, Ltd.",RE
Want Want China Holdings Limited,WWNTF
Orkla ASA,ORKLF
"Gaming and Leisure Properties, Inc.",GLPI
Sensata Technologies Holding plc,ST
Regency Centers Corporation,REG
"Steel Dynamics, Inc.",STLD
Lamar Advertising Company (REIT),LAMR
Sasol Limited,SASOF
Aegon N.V.,AEGOF
"Continental Resources, Inc.",CLR
China Longyuan Power Group Corporation Limited,CLPXF
ICA Gruppen AB (publ),ICCGF
Fresnillo Plc,FNLPF
St. James's Place plc,STJPF
Owens Corning,OC
CCL Industries Inc.,CCDBF
"Under Armour, Inc.",UAA
Comerica Incorporated,CMA
"Henry Schein, Inc.",HSIC
Jazz Pharmaceuticals plc,JAZZ
LEG Immobilien AG,LEGIF
Kohl's Corporation,KSS
Reliance Steel & Aluminum Co.,RS
AngloGold Ashanti Limited,AULGF
"Commerce Bancshares, Inc.",CBSH
Norwegian Cruise Line Holdings Ltd.,NCLH
Nielsen Holdings plc,NLSN
The Middleby Corporation,MIDD
China Resources Gas Group Limited,CRGGF
"ACS, Actividades de Construcción y Servicios, S.A.",ACSAF
The Sage Group plc,SGGEF
"Red Eléctrica Corporación, S.A.",RDEIF
Taylor Wimpey plc,TWODF
Sharp Corporation,SHCAF
Alleghany Corporation,Y
HK Electric Investments and HK Electric Investments Limited,HKCVF
Singapore Technologies Engineering Ltd,SGGKF
NiSource Inc.,NI
AECOM,ACM
Vornado Realty Trust,VNO
Pinnacle West Capital Corporation,PNW
"NRG Energy, Inc.",NRG
Kingfisher plc,KGFHF
Gentex Corporation,GNTX
Jones Lang LaSalle Incorporated,JLL
Bank Leumi le- Israel B.M.,BLMIF
Vifor Pharma AG,GNHAF
Marathon Oil Corporation,MRO
"Grupo Bimbo, S.A.B. de C.V.",GRBMF
AGNC Investment Corp.,AGNC
Flex Ltd.,FLEX
Hyatt Hotels Corporation,H
Ralph Lauren Corporation,RL
"Reinsurance Group of America, Incorporated",RGA
"Canadian Tire Corporation, Limited",CDNAF
Arkema S.A.,ARKAF
"Omega Healthcare Investors, Inc.",OHI
Standard Life Aberdeen plc,SLFPF
SEI Investments Company,SEIC
"Arca Continental, S.A.B. de C.V.",EMBVF
Johnson Matthey Plc,JMPLF
Pearson plc,PSORF
Valeo SE,VLEEF
Robert Half International Inc.,RHI
"VEREIT, Inc.",VER
UGI Corporation,UGI
"Yamaha Motor Co., Ltd.",YAMHF
DCC plc,DCCPF
Taisei Corporation,TISCF
Service Corporation International,SCI
RenaissanceRe Holdings Ltd.,RNR
Telefónica Deutschland Holding AG,TELDF
"Autoliv, Inc.",ALV
Carlisle Companies Incorporated,CSL
SEB SA,SEBYF
Capri Holdings Limited,CPRI
"Juniper Networks, Inc.",JNPR
Jefferies Financial Group Inc.,JEF
Kimco Realty Corporation,KIM
Sun Art Retail Group Limited,SURRF
Prysmian S.p.A.,PRYMF
Polaris Inc.,PII
Smiths Group plc,SMGKF
Dongfeng Motor Group Company Limited,DNFGF
"Thor Industries, Inc.",THO
Stockland,STKAF
"Arrow Electronics, Inc.",ARW
"Assurant, Inc.",AIZ
Federal Realty Investment Trust,FRT
thyssenkrupp AG,TYEKF
Faurecia S.E.,FURCF
Deutsche Lufthansa AG,DLAKF
"Ricoh Company, Ltd.",RICOF
DS Smith Plc,DITHF
Nine Dragons Paper (Holdings) Limited,NDGPF
Etn. Fr. Colruyt NV,CUYTF
Orpea SA,ORPEF
Auckland International Airport Limited,ACKDF
"Voya Financial, Inc.",VOYA
Singapore Exchange Limited,SPXCF
PT Bank Negara Indonesia (Persero) Tbk,PBNNF
"Pershing Square Holdings, Ltd.",PSHZF
"TripAdvisor, Inc.",TRIP
Genting Singapore Limited,GIGNF
AerCap Holdings N.V.,AER
Wharf (Holdings) Limited,WARFF
"Shanghai Pharmaceuticals Holding Co., Ltd",SHPMF
H. Lundbeck A/S,HLUKF
Commerzbank AG,CRZBF
IGM Financial Inc.,IGIFF
"Donaldson Company, Inc.",DCI
APA Corporation,APA
J Sainsbury plc,JSNSF
"People's United Financial, Inc.",PBCT
ICL Group Ltd,ICL
Mirvac Group,MRVGF
"Ionis Pharmaceuticals, Inc.",IONS
"JFE Holdings, Inc.",JFEEF
Targa Resources Corp.,TRGP
Cabot Oil & Gas Corporation,COG
Coca-Cola Amatil Limited,CCLAF
PVH Corp.,PVH
"Mattel, Inc.",MAT
United Therapeutics Corporation,UTHR
MGM China Holdings Limited,MCHVF
Canadian Utilities Limited,CDUAF
"Lincoln Electric Holdings, Inc.",LECO
Klépierre SA,KLPEF
Isuzu Motors Limited,ISUZF
TravelSky Technology Limited,TSYHF
Trelleborg AB (publ),TBABF
Hikma Pharmaceuticals PLC,HKMPF
"Cullen/Frost Bankers, Inc.",CFR
"COSCO SHIPPING Development Co., Ltd.",CITAF
DXC Technology Company,DXC
PETRONAS Gas Berhad,PNAGF
Hanesbrands Inc.,HBI
Swiss Prime Site AG,SWPRF
Angang Steel Company Limited,ANGGF
Synovus Financial Corp.,SNV
Sealed Air Corporation,SEE
Lendlease Group,LLESF
"Bankia, S.A.",BNKXF
Oil Search Limited,OISHF
Keppel Corporation Limited,KPELF
PLDT Inc.,PHTCF
"Nordstrom, Inc.",JWN
"DICK'S Sporting Goods, Inc.",DKS
"Toll Brothers, Inc.",TOL
Trend Micro Incorporated,TMICF
Axalta Coating Systems Ltd.,AXTA
Wärtsilä Oyj Abp,WRTBF
Coty Inc.,COTY
Obayashi Corporation,OBYCF
SCOR SE,SZCRF
GEA Group Aktiengesellschaft,GEAGF
Jardine Cycle & Carriage Limited,JCYCF
"Sinopharm Group Co., Ltd.",SHTDF
Old Republic International Corporation,ORI
ITV plc,ITVPF
"Affiliated Managers Group, Inc.",AMG
Shimizu Corporation,SHMUF
OGE Energy Corp.,OGE
Shoprite Holdings Limited,SRHGF
"Komercní banka, a.s.",KMERF
"Dai Nippon Printing Co., Ltd.",DNPCF
BOK Financial Corporation,BOKF
Wacker Chemie AG,WKCMF
"CDK Global, Inc.",CDK
TUI AG,TUIFF
Inter Pipeline Ltd.,IPPLF
SLM Corporation,SLM
Cimarex Energy Co.,XEC
"Leggett & Platt, Incorporated",LEG
LANXESS Aktiengesellschaft,LNXSF
Gildan Activewear Inc.,GIL
Royal Vopak N.V.,VOPKF
Sonoco Products Company,SON
"MDU Resources Group, Inc.",MDU
GPT Group,GPTGF
"The Bank of East Asia, Limited",BKEAF
British Land Company Plc,BRLAF
Cathay Pacific Airways Limited,CPCAF
Seiko Epson Corporation,SEKEF
Brixmor Property Group Inc.,BRX
Huntsman Corporation,HUN
Nokian Renkaat Oyj,NKRKF
HollyFrontier Corporation,HFC
"Mapfre, S.A.",MPFRF
Ingredion Incorporated,INGR
"Stericycle, Inc.",SRCL
Treasury Wine Estates Limited,TSRYF
Bank Polska Kasa Opieki S.A.,BKPKF
Proximus PLC,BGAOF
Securitas AB,SCTBF
"Bankinter, S.A.",BKIMF
"Grupo Financiero Inbursa, S.A.B. de C.V.",GPFOF
Dufry AG,DFRYF
"Macy's, Inc.",M
"Foot Locker, Inc.",FL
Freddie Mac,FMCC
Schaeffler AG,SCFLF
"Tokyo Electric Power Company Holdings, Incorporated",TKECF
ManpowerGroup Inc.,MAN
NOV Inc.,NOV
"Douglas Emmett, Inc.",DEI
Wm Morrison Supermarkets PLC,MRWSF
Onex Corporation,ONEXF
Leonardo S.p.a.,FINMF
United States Steel Corporation,X
"New York Community Bancorp, Inc.",NYCB
Unum Group,UNM
Alcoa Corporation,AA
Perrigo Company plc,PRGO
Herbalife Nutrition Ltd.,HLF
Aurizon Holdings Limited,QRNNF
"Industrias Peñoles, S.A.B. de C.V.",IPOAF
Alliance Data Systems Corporation,ADS
"Santen Pharmaceutical Co., Ltd.",SNPHF
"Harley-Davidson, Inc.",HOG
Eagle Materials Inc.,EXP
Genting Berhad,GEBHF
Orion Oyj,ORINF
Bank of Ireland Group plc,BKRIF
Ashland Global Holdings Inc.,ASH
Tourmaline Oil Corp.,TRMLF
"Spirit AeroSystems Holdings, Inc.",SPR
JCDecaux SA,JCDXF
Wendel,WNDLF
"Orbia Advance Corporation, S.A.B. de C.V.",MXCHF
"Huaneng Power International, Inc.",HUNGF
Flowserve Corporation,FLS
"Acuity Brands, Inc.",AYI
Sabre Corporation,SABR
CIT Group Inc.,CIT
EQT Corporation,EQT
PT Gudang Garam Tbk,GGNPF
RioCan Real Estate Investment Trust,RIOCF
SL Green Realty Corp.,SLG
Universal Robina Corporation,UVRBF
Boral Limited,BOALF
Keyera Corp.,KEYUF
"MSC Industrial Direct Co., Inc.",MSM
AGL Energy Limited,AGLNF
City Developments Limited,CDEVF
ProSiebenSat.1 Media SE,PBSFF
"Kimberly-Clark de México, S. A. B. de C. V.",KCDMF
Keikyu Corporation,KHEXF
PacWest Bancorp,PACW
NCR Corporation,NCR
Mazda Motor Corporation,MZDAF
SES S.A.,SGBAF
"Grupo Televisa, S.A.B.",GRPFF
Marks and Spencer Group plc,MAKSF
Lazard Ltd,LAZ
Metro AG,MTTWF
Alliance Trust PLC,ALITF
Centrica plc,CPYYF
NewMarket Corporation,NEU
Mitsubishi Motors Corporation,MMTOF
AXIS Capital Holdings Limited,AXS
TEGNA Inc.,TGNA
Beijing Enterprises Water Group Limited,BJWTF
Orica Limited,OCLDF
China Everbright Environment Group Limited,CHFFF
Millicom International Cellular S.A.,MICCF
Six Flags Entertainment Corporation,SIX
SNC-Lavalin Group Inc.,SNCAF
Sime Darby Berhad,SMEBF
"Avnet, Inc.",AVT
The Goodyear Tire & Rubber Company,GT
PT Indofood Sukses Makmur Tbk,PIFMF
Yue Yuen Industrial (Holdings) Limited,YUEIF
International Game Technology PLC,IGT
Bed Bath & Beyond Inc.,BBBY
H&R Real Estate Investment Trust,HRUFF
ISS A/S,ISFFF
"Helmerich & Payne, Inc.",HP
Turquoise Hill Resources Ltd.,TRQ
"CommScope Holding Company, Inc.",COMM
CI Financial Corp,CIXX
Alkermes plc,ALKS
Fluor Corporation,FLR
DNP Select Income Fund Inc.,DNP
Signet Jewelers Limited,SIG
"Alfa, S.A.B. de C.V.",ALFFF
New Oriental Education & Technology Group Inc.,EDU
Eaton Vance Tax-Managed Global Diversified Equity Income Fund,EXG
Range Resources Corporation,RRC
Antero Resources Corporation,AR
Société BIC SA,BICEF
PrairieSky Royalty Ltd.,PREKF
EchoStar Corporation,SATS
SITE Centers Corp.,SITC
Investec Group,IVTJF
Transocean Ltd.,RIG
"MEDNAX, Inc.",MD
Micro Focus International plc,MCFUF
Murray International Trust PLC,MURYF
Crescent Point Energy Corp.,CPG
Seven Generations Energy Ltd.,SVRGF
Service Properties Trust,SVC
Hammerson plc,HMSNF
ARC Resources Ltd.,AETUF
The Gabelli Dividend & Income Trust,GDV
"KAR Auction Services, Inc.",KAR
The Macerich Company,MAC
"Adams Diversified Equity Fund, Inc.",ADX
Eaton Vance Tax-Managed Diversified Equity Income Fund,ETY
Eaton Vance Tax-Advantaged Dividend Income Fund,EVT
Nuveen Preferred Securities Income Fund,JPS
Royce Value Trust Inc.,RVT
"Cohen & Steers Quality Income Realty Fund, Inc.",RQI
Babcock International Group PLC,BCKIF
The Gabelli Equity Trust Inc.,GAB
Reaves Utility Income Fund,UTG
BlackRock Enhanced Equity Dividend Trust,BDJ
Tri-Continental Corporation,TY
Liberty All-Star Equity Fund,USA
Rite Aid Corporation,RAD
Eaton Vance Tax-Advantaged Global Dividend Income Fund,ETG
Eaton Vance Tax-Managed Buy-Write Opportunities Fund,ETV
First Trust Intermediate Duration Preferred & Income Fund,FPF
Nuveen S&P 500 Buy-Write Income Fund,BXMX
BlackRock Science and Technology Trust,BST
"Virtus Dividend, Interest & Premium Strategy Fund",NFJ
"Boulder Growth & Income Fund, Inc.",BIF
"Cohen & Steers REIT and Preferred Income Fund, Inc.",RNP
Nuveen Nasdaq 100 Dynamic Overwrite Fund,QQQX
Eaton Vance Tax-Managed Global Buy-Write Opportunities Fund,ETW
Calamos Convertible and High Income Fund,CHY
Eaton Vance Enhanced Equity Income Fund II,EOS
Tekla Healthcare Investors,HQH
iShares S&P/TSX Capped Financials Index ETF,ITSXF
Flaherty & Crumrine Preferred Securities Income Fund Inc.,FFC
Cerus Corporation,CERS
Calamos Convertible Opportunities and Income Fund,CHI
"Cornerstone Strategic Value Fund, Inc.",CLM
Aberdeen Total Dynamic Dividend Fund,AOD
Central Securities Corp.,CET
"General American Investors Company, Inc.",GAM
Nuveen Preferred & Income Opportunities Fund,JPC
"Kayne Anderson Energy Infrastructure Fund, Inc.",KYN
Tekla Healthcare Opportunities Fund,THQ
"BlackRock Enhanced Capital and Income Fund, Inc.",CII
Weatherford International plc,WFTLF
Apartment Investment and Management Company,AIV
John Hancock Tax-Advantaged Dividend Income Fund,HTD
Calamos Dynamic Convertible and Income Fund,CCD
AllianzGI Equity & Convertible Income Fund,NIE
BlackRock Enhanced Global Dividend Trust,BOE
John Hancock Financial Opportunities Fund,BTO
Eaton Vance Risk-Managed Diversified Equity Income Fund,ETJ
John Hancock Premium Dividend Fund,PDT
Eaton Vance Enhanced Equity Income Fund,EOI
Steinhoff International Holdings N.V.,STHHF
BlackRock Enhanced International Dividend Trust,BGY
Advent Convertible and Income Fund,AVK
Calamos Global Dynamic Income Fund,CHW
"The India Fund, Inc.",IFN
Nuveen Dow 30 Dynamic Overwrite Fund,DIAX
Flaherty & Crumrine Dynamic Preferred and Income Fund Inc.,DFP
John Hancock Preferred Income Fund III,HPS
Voya Global Equity Dividend and Premium Opportunity Fund,IGD
BlackRock Health Sciences Trust,BME
"Cornerstone Total Return Fund, Inc.",CRF
Virtus AllianzGI Convertible & Income Fund,NCV
"Royce Micro-Cap Trust, Inc.",RMT
John Hancock Preferred Income Fund,HPI
Aberdeen Global Premier Properties Fund,AWP
"Morgan Stanley China A Share Fund, Inc.",CAF
Tekla Life Sciences Investors,HQL
Columbia Seligman Premium Technology Growth Fund,STK
"Adams Natural Resources Fund, Inc.",PEO
"Aberdeen Emerging Markets Equity Income Fund, Inc.",AEF
Virtus Total Return Fund Inc.,ZTR
The Gabelli Utility Trust,GUT
John Hancock Preferred Income Fund II,HPF
Eaton Vance Tax-Managed Buy-Write Income Fund,ETB
Clough Global Opportunities Fund,GLO
Eaton Vance Tax-Advantaged Global Dividend Opportunities Fund,ETO
Virtus AllianzGI Convertible & Income Fund II,NCZ
"Cohen & Steers Total Return Realty Fund, Inc.",RFI
First Trust Enhanced Equity Income Fund,FFA
"Liberty All-Star Growth Fund, Inc.",ASG
"Cohen & Steers Closed-End Opportunity Fund, Inc.",FOF
Guggenheim Enhanced Equity Income Fund,GPM
"Cohen & Steers Select Preferred and Income Fund, Inc.",PSF
First Trust MLP and Energy Income Fund,FEI
Templeton Emerging Markets Fund,EMF
"Morgan Stanley India Investment Fund, Inc.",IIF
"Kayne Anderson NextGen Energy & Infrastructure, Inc.",KMF
"The New Germany Fund, Inc.",GF
"The China Fund, Inc.",CHN
Tortoise Energy Infrastructure Corporation,TYG
Nuveen S&P 500 Dynamic Overwrite Fund,SPXX
Macquarie Global Infrastructure Total Return Fund Inc.,MGU
BlackRock Energy and Resources Trust,BGR
Nuveen Real Estate Income Fund,JRS
First Trust Energy Income and Growth Fund,FEN
The Gabelli Multimedia Trust Inc.,GGT
"Lazard Global Total Return and Income Fund, Inc.",LGI
Flaherty & Crumrine Total Return Fund Inc.,FLC
Neuberger Berman MLP and Energy Income Fund Inc.,NML
Nuveen Core Equity Alpha Fund,JCE
"Sprott Focus Trust, Inc.",FUND
"Voya Infrastructure, Industrials and Materials Fund",IDE
Western Asset Investment Grade Defined Opportunity Trust Inc.,IGI
LMP Capital and Income Fund Inc.,SCD
Wells Fargo Advantage Funds - Wells Fargo Global Dividend Opportunity Fund,EOD
The Gabelli Healthcare & Wellness Trust,GRX
"The Korea Fund, Inc.",KF
Nuveen Tax-Advantaged Dividend Growth Fund,JTD
Neuberger Berman Real Estate Securities Income Fund Inc.,NRO
"The Taiwan Fund, Inc.",TWN
Clough Global Equity Fund,GLQ
Flaherty & Crumrine Preferred Income Fund Inc.,PFD
Ellsworth Growth and Income Fund Ltd.,ECF
John Hancock Income Securities Trust,JHS
Voya Global Advantage and Premium Opportunity Fund,IGA
"The Central and Eastern Europe Fund, Inc.",CEE
Goldman Sachs MLP and Energy Renaissance Fund,GER
Flaherty & Crumrine Preferred Income Opportunity Fund Inc.,PFO
Bancroft Fund Ltd.,BCV
Dividend and Income Fund,DNIF
Madison Covered Call & Equity Strategy Fund,MCN
Voya Emerging Markets High Dividend Equity Fund,IHD
ClearBridge MLP and Midstream Total Return Fund Inc.,CTR
Nuveen Tax-Advantaged Total Return Strategy Fund,JTA
Western Asset Investment Grade Income Fund Inc.,PAI
Aberdeen Global Dynamic Dividend Fund,AGD
First Trust New Opportunities MLP & Energy Fund,FPL
Calamos Global Total Return Fund,CGO
The Gabelli Global Small and Mid Cap Value Trust,GGZ
"Aberdeen Australia Equity Fund, Inc.",IAF
RMR Mortgage Trust,RMRM
"Aberdeen Japan Equity Fund, Inc.",JEQ
Wells Fargo Advantage Utilities and High Income Fund,ERH
The Swiss Helvetia Fund Inc.,SWZ
Delaware Enhanced Global Dividend and Income Fund,DEX
The Gabelli Convertible and Income Securities Fund Inc.,GCV
Voya Asia Pacific High Dividend Equity Income Fund,IAE
The Cushing Renaissance Fund,SZC
The Gabelli Global Utility & Income Trust,GLU
Eaton Vance Tax-Advantaged Bond and Option Strategies Fund,EXD
Clough Global Dividend and Income Fund,GLV
"Cohen & Steers MLP Income and Energy Opportunity Fund, Inc.",MIE
"The European Equity Fund, Inc.",EEA
Macquarie/First Trust Global Infrastructure/Utilities Dividend & Income Fund,MFD
"Delaware Investments Dividend and Income Fund, Inc.",DDF
Fiduciary/Claymore Energy Infrastructure Fund,FMO
Voya Natural Resources Equity Income Fund,IRR
"The New Ireland Fund, Inc.",IRL
The Cushing MLP & Infrastructure Total Return Fund,SRV
Wirecard AG,WRCDF
Voya International High Dividend Equity Income Fund,IID
MFS Special Value Trust,MFV
The Herzfeld Caribbean Basin Fund Inc.,CUBA
"Eagle Capital Growth Fund, Inc.",GRF
Mallinckrodt plc,MNKKQ
Duff & Phelps Select MLP and Midstream Energy Fund,DSE
Mexico Equity & Income Fund Inc.,MXE
Foxby Corp.,FXBY
iShares II Public Limited Company - iShares $ Floating Rate Bond UCITS ETF,ISFLF
iShares Public Limited Company - iShares China Large Cap UCITS ETF,IHRPF
WisdomTree Issuer ICAV - WisdomTree Japan Equity UCITS ETF,WDTRF
iShares III Public Limited Company - iShares MSCI EM UCITS ETF USD (Acc),IZIZF
Disco Corporation,DISPF
BetaPro S&P/TSX Capped Energy 2x Daily Bull ETF,HZBRF
FIRST TRUST GLOBAL FUNDS PLC,FTGPF
iShares IV Public Limited Company - iShares Healthcare Innovation UCITS ETF,BLKIF
iShares Public Limited Company - iShares $ Corp Bond UCITS ETF,ISCXF
Baillie Gifford US Growth Trust PLC,BLGFF
Evolve Automobile Innovation Index Fund,EATOF
iShares V Public Limited Company - iShares S&P 500 Health Care Sector UCITS ETF,ISVFF
iShares II plc - iShares MSCI USA Quality Dividend UCITS ETF,HDIQF
iShares IV Public Limited Company - iShares MSCI USA SRI UCITS ETF,ISZZF
WisdomTree Issuer ICAV - WisdomTree Europe Equity UCITS ETF,WSDMF
RBC QUANT U S DIVID LEADERS ETF,RUDQF
Vanguard Funds Public Limited Company - Vanguard USD Corporate Bond UCITS ETF,VNGCF
Xtrackers - MSCI China UCITS ETF,XTTRF
Vanguard Funds Public Limited Company - Vanguard FTSE Emerging Markets UCITS ETF,VNGUF
iShares IV Public Limited Company - iShares $ Short Duration High Yield Corporate Bond UCITS ETF,IVVVF
SSgA SPDR ETFs Europe II plc - SPDR MSCI World Energy UCITS ETF,SMWFF
iShares Public Limited Company - iShares Core MSCI EM IMI UCITS ETF,ISAPF
ISHARES V PLC,IMATF
iShares VII Public Limited Company - iShares Core EURO STOXX 50 UCITS ETF,IVVPF
Xtrackers - MSCI Europe UCITS ETF,DXMEF
iShares V Public Limited Company - iShares EM Dividend UCITS ETF,ISHPF
"Kyushu Electric Power Company, Incorporated",KYSEF
iShares II Public Limited Company - iShares MSCI World Quality Dividend UCITS ETF,ISHWF
iShares Public Limited Company - iShares Core FTSE 100 UCITS ETF,IRESF
iShares IV Public Limited Company - iShares MSCI China A UCITS ETF,IAACF
ISHARES IV PLC,IVBUF
iShares II Public Limited Company - iShares Developed Markets Property Yield UCITS ETF,ISPFF
Purpose Multi-Asset Income Fund,PRMAF
iShares V Public Limited Company - iShares Gold Producers UCITS ETF,ISGPF
iShares Public Limited Company - iShares Core FTSE 100 UCITS ETF,BCYIF
Nippon Sanso Holdings Corporation,TYNPF
SSGA SPDR ETFS EUROPE II PLC,ZPRVF
iShares V Public Limited Company - iShares S&P 500 Energy Sector UCITS ETF,ISRHF
VANECK VECTORS UCITS ETFS PLC,VCKVF
WisdomTree Issuer ICAV - WisdomTree US Quality Dividend Growth UCITS ETF,WDSSF
ISHARES VI PLC,IEMXF
iShares Core S&P 500 Index ETF (CAD-Hedged),ISSXF
VANECK VECTORS UCITS ETFS PLC,VCKVF
iShares V Public Limited Company - iShares J.P. Morgan $ EM Corp Bond UCITS ETF,ISJMF
iShares IV Public Limited Company - iShares Edge MSCI World Momentum Factor UCITS ETF,IEMMF
Vanguard Funds Public Limited Company - Vanguard S&P 500 UCITS ETF,VGFPF
SSgA SPDR ETFs Europe I Public Limited Company - SPDR S&P 400 US Mid Cap UCITS ETF,SSDRF
Calamos Long/Short Equity & Dynamic Income Term Trust,CPZ
iShares III Public Limited Company - iShares Core MSCI Japan IMI UCITS ETF,IHREF
BMO Low Volatility US Equity ETF,BMLWF
iShares II Public Limited Company - iShares MSCI Europe UCITS ETF EUR (Dist),IMSEF
iShares II Public Limited Company - iShares Global Water UCITS ETF,IWATF
iShares V Public Limited Company - iShares S&P 500 Consumer Discretionary Sector UCITS ETF,ISRNF
iShares IV Public Limited Company - iShares $ Ultrashort Bond UCITS ETF,ISUDF
ISHARES,IQSHF
"Concordia Financial Group, Ltd.",CCRDF
Kraneshares Icav - Kraneshares Csi China Internet UCITS ETF,KRANF
iShares VII Public Limited Company - iShares MSCI Japan UCITS ETF USD (Acc),IMSCF
iShares VI Public Limited Company - iShares Edge S&P 500 Minimum Volatility UCITS ETF,IHSRF
iShares II Public Limited Company - iShares Asia Property Yield UCITS ETF,IISRF
iShares Public Limited Company - iShares MSCI EM UCITS ETF USD (Dist),IREMF
ISHARES S&P GLOBAL WATER INDEX ,CMOXF
iShares VII Public Limited Company - iShares Core S&P 500 UCITS ETF,CSTNL
SSgA SPDR ETFs Europe I Public Limited Company - SPDR S&P US Dividend Aristocrats UCITS ETF,SSEEF
iShares III Public Limited Company - iShares Core MSCI World UCITS ETF,IRRRF
iShares II Public Limited Company - iShares $ Floating Rate Bond UCITS ETF,IVSRF
iShares II Public Limited Company - iShares US Property Yield UCITS ETF,ISUPF
iShares VII Public Limited Company - iShares Dow Jones Industrial Average UCITS ETF,IDOWF
iShares Public Limited Company - iShares MSCI World UCITS ETF,IIREF
iShares VII Public Limited Company - iShares Core MSCI Pacific ex Japan UCITS ETF,ISMJF
SSgA SPDR ETFs Europe II Public Limited Company - SPDR S&P U.S. Industrials Select Sector UCITS ETF,SSGXF
iShares VII plc - iShares Core MSCI EMU UCITS ETF,XMTIF
iShares V Public Limited Company - iShares S&P 500 Financials Sector UCITS ETF,ISRUF
Horizons Enhanced Income Gold Producers ETF,HEPZF
iShares IV Public Limited Company - iShares $ Short Duration Corporate Bond UCITS ETF,ISHFF
iShares Public Limited Company - iShares Asia Pacific Dividend UCITS ETF,IHSEF
VANGUARD FUNDS PLC,VFUUF
iShares III Public Limited Company - iShares S&P Small Cap 600 UCITS ETF,ISHOF
iShares V Public Limited Company - iShares S&P 500 Information Technology Sector UCITS ETF,ISRCF
iShares Public Limited Company - iShares S&P 500 UCITS ETF,IHPCF
iShares VI Public Limited Company - iShares Edge MSCI EM Minimum Volatility UCITS ETF,ISSRF
